{"cameraMode":{"drawMode":0,"name":"Shaded","section":"Shading Mode"},"sceneLighting":true,"audioPlay":false,"sceneViewState":{"showFog":true,"showMaterialUpdate":false,"showSkybox":true,"showFlares":true,"showImageEffects":true,"showParticleSystems":true,"showVisualEffectGraphs":true,"m_FxEnabled":true},"in2DMode":false,"pivot":{"x":479.11639404296877,"y":306.5118713378906,"z":-173.99217224121095},"rotation":{"x":-0.022030938416719438,"y":-0.2025347799062729,"z":-0.004567303694784641,"w":0.9790154099464417},"size":606.2627563476563,"orthographic":true}