{"cameraMode":{"drawMode":0,"name":"Shaded","section":"Shading Mode"},"sceneLighting":true,"audioPlay":false,"sceneViewState":{"showFog":true,"showMaterialUpdate":false,"showSkybox":true,"showFlares":true,"showImageEffects":true,"showParticleSystems":true,"showVisualEffectGraphs":true,"m_FxEnabled":true},"in2DMode":false,"pivot":{"x":0.7266197204589844,"y":12.801246643066407,"z":-55.750152587890628},"rotation":{"x":0.10397518426179886,"y":-0.6967527270317078,"z":0.1031651496887207,"w":0.7022061347961426},"size":11.342475891113282,"orthographic":false}