{"cameraMode":{"drawMode":0,"name":"Shaded","section":"Shading Mode"},"sceneLighting":true,"audioPlay":false,"sceneViewState":{"showFog":true,"showMaterialUpdate":false,"showSkybox":true,"showFlares":true,"showImageEffects":true,"showParticleSystems":true,"showVisualEffectGraphs":true,"m_FxEnabled":true},"in2DMode":false,"pivot":{"x":-3.355199098587036,"y":24.598983764648439,"z":63.756988525390628},"rotation":{"x":0.6712440848350525,"y":-0.004448132589459419,"z":0.004026821348816156,"w":0.7412174344062805},"size":-3.9085357189178469,"orthographic":false}