{"cameraMode":{"drawMode":0,"name":"Shaded","section":"Shading Mode"},"sceneLighting":true,"audioPlay":false,"sceneViewState":{"showFog":true,"showMaterialUpdate":false,"showSkybox":true,"showFlares":true,"showImageEffects":true,"showParticleSystems":true,"showVisualEffectGraphs":true,"m_FxEnabled":true},"in2DMode":false,"pivot":{"x":384.23834228515627,"y":375.62176513671877,"z":-61.21063232421875},"rotation":{"x":0.02698126994073391,"y":0.032983362674713138,"z":-0.00089972437126562,"w":0.9991006255149841},"size":263.4681091308594,"orthographic":true}