{"cameraMode":{"drawMode":0,"name":"Shaded","section":"Shading Mode"},"sceneLighting":false,"audioPlay":false,"sceneViewState":{"showFog":true,"showMaterialUpdate":false,"showSkybox":false,"showFlares":true,"showImageEffects":true,"showParticleSystems":true,"showVisualEffectGraphs":true,"m_FxEnabled":true},"in2DMode":false,"pivot":{"x":1.303276777267456,"y":-0.11458581686019898,"z":0.49140357971191409},"rotation":{"x":0.027895420789718629,"y":-0.0015001698629930616,"z":0.000041920669900719076,"w":0.999614417552948},"size":0.7141428589820862,"orthographic":false}