{"cameraMode":{"drawMode":0,"name":"Shaded","section":"Shading Mode"},"sceneLighting":true,"audioPlay":false,"sceneViewState":{"showFog":true,"showMaterialUpdate":false,"showSkybox":false,"showFlares":true,"showImageEffects":true,"showParticleSystems":true,"showVisualEffectGraphs":true,"m_FxEnabled":true},"in2DMode":false,"pivot":{"x":-0.6156153678894043,"y":10.709356307983399,"z":367.94891357421877},"rotation":{"x":0.17546798288822175,"y":0.014768408611416817,"z":-0.0026247904170304538,"w":0.9843800067901611},"size":19.482730865478517,"orthographic":false}