{"cameraMode":{"drawMode":0,"name":"Shaded","section":"Shading Mode"},"sceneLighting":false,"audioPlay":false,"sceneViewState":{"showFog":true,"showMaterialUpdate":false,"showSkybox":false,"showFlares":true,"showImageEffects":true,"showParticleSystems":true,"showVisualEffectGraphs":true,"m_FxEnabled":true},"in2DMode":false,"pivot":{"x":-2.696723222732544,"y":0.08541417121887207,"z":0.49140357971191409},"rotation":{"x":0.00683577312156558,"y":-0.9820326566696167,"z":0.036251455545425418,"w":0.18509577214717866},"size":0.8660253882408142,"orthographic":false}