{"cameraMode":{"drawMode":0,"name":"Shaded","section":"Shading Mode"},"sceneLighting":true,"audioPlay":false,"sceneViewState":{"showFog":true,"showMaterialUpdate":false,"showSkybox":true,"showFlares":true,"showImageEffects":true,"showParticleSystems":true},"in2DMode":false,"pivot":{"x":-1.4965620040893555,"y":-23.024890899658204,"z":363.41546630859377},"rotation":{"x":0.09363819658756256,"y":-0.9043379426002502,"z":0.2608393430709839,"w":0.32464683055877688},"size":103.44270324707031,"orthographic":false}